community,fixed_cohort,early_months,high_toxicity_quantile,n_users,n_high_toxicity,n_lower_toxicity,censored_rate,median_survival_months_high,km_survival_3m_high,retention_3m_high,km_survival_6m_high,retention_6m_high,km_survival_12m_high,retention_12m_high,median_survival_months_lower,km_survival_3m_lower,retention_3m_lower,km_survival_6m_lower,retention_6m_lower,km_survival_12m_lower,retention_12m_lower,km_survival_3m_high_minus_lower,retention_3m_high_minus_lower,km_survival_6m_high_minus_lower,retention_6m_high_minus_lower,km_survival_12m_high_minus_lower,retention_12m_high_minus_lower
global,fph_pg,3,0.75,36589,9149,27440,0.005438793079887398,1.0,0.3938135315335009,0.3938135315335009,0.3267023718439173,0.32670237184391737,0.2409006448792218,0.24090064487922178,1.0,0.1673833819241983,0.16738338192419824,0.13097667638483967,0.13097667638483965,0.09314868804664725,0.09314868804664724,0.2264301496093026,0.22643014960930266,0.19572569545907764,0.19572569545907773,0.14775195683257455,0.14775195683257453
global,pg_ga,3,0.75,20679,5172,15507,0.01518448667730548,1.0,0.3043310131477185,0.3043310131477185,0.25870069605568446,0.25870069605568446,0.20146945088940452,0.2014694508894045,1.0,0.18256271361320692,0.18256271361320695,0.15541368414264525,0.15541368414264525,0.11839814277423101,0.118398142774231,0.12176829953451157,0.12176829953451154,0.10328701191303921,0.10328701191303921,0.0830713081151735,0.08307130811517349
global,ga_td,3,0.75,16078,4021,12057,0.0301032466724717,1.0,0.2302909723949266,0.23029097239492663,0.17135041034568513,0.17135041034568516,0.09060915609469694,0.0820691370305894,1.0,0.21713527411462225,0.21713527411462222,0.16355644024218297,0.16355644024218297,0.09361175186666175,0.08617400680102845,0.013155698280304357,0.013155698280304412,0.0077939701035021625,0.00779397010350219,-0.0030025957719648083,-0.004104869770439043
global,td_shutdown,3,0.75,2962,743,2219,0.2012153950033761,1.0,0.1333931508897862,0.05652759084791386,0.06001179396039361,0.0,0.06001179396039361,0.0,1.0,0.17384374189655896,0.0761604326273096,0.09736318166493867,0.0013519603424966202,0.09736318166493867,0.0,-0.04045059100677276,-0.019632841779395734,-0.037351387704545054,-0.0013519603424966202,-0.037351387704545054,0.0
