fixed_cohort,hub_fraction,hub_equality_baseline,n_users,median_degree_share_ratio,share_months_underrepresented,mean_ever_hub_rate,high_activity_ever_hub_rate,non_high_activity_ever_hub_rate
fph_pg,0.05,0.05,36589,0.988969922152347,0.5099502487562189,0.04810188854573779,0.16961840423589555,0.026709951144253022
fph_pg,0.1,0.1,36589,0.988969922152347,0.5099502487562189,0.09491923802235644,0.30308563081979184,0.05827333504757007
fph_pg,0.2,0.2,36589,0.988969922152347,0.5099502487562189,0.18262319276285222,0.5238269125433631,0.12255721265106712
pg_ga,0.05,0.05,20679,0.9681082646884533,0.55,0.038348082595870206,0.110381861575179,0.024412766203035726
pg_ga,0.1,0.1,20679,0.9681082646884533,0.55,0.07621258281348228,0.2025656324582339,0.051768915565302706
pg_ga,0.2,0.2,20679,0.9681082646884533,0.55,0.14609023647178296,0.39051312649164677,0.09880533271772378
ga_td,0.05,0.05,16078,0.7747133496974681,0.9226190476190477,0.033897250901853464,0.10416666666666667,0.020092275636255395
ga_td,0.1,0.1,16078,0.7747133496974681,0.9226190476190477,0.06990919268565741,0.2018939393939394,0.043979758892692365
ga_td,0.2,0.2,16078,0.7747133496974681,0.9226190476190477,0.13863664634904838,0.3984848484848485,0.08758743860693556
td_shutdown,0.05,0.05,2962,0.6666666666666666,1.0,0.024983119513842,0.09911894273127753,0.011562998405103669
td_shutdown,0.1,0.1,2962,0.6666666666666666,1.0,0.04794058068872384,0.1894273127753304,0.022328548644338118
td_shutdown,0.2,0.2,2962,0.6666666666666666,1.0,0.10600945307224847,0.42290748898678415,0.04864433811802233
