fixed_cohort,hub_fraction,hub_equality_baseline,n_users,median_degree_share_ratio,share_months_underrepresented,mean_ever_hub_rate,high_activity_ever_hub_rate
fph_pg,0.05,0.05,23823,0.988969922152347,0.5099502487562189,0.04810188854573779,0.16961840423589555
fph_pg,0.1,0.1,23823,0.988969922152347,0.5099502487562189,0.09491923802235644,0.30308563081979184
fph_pg,0.2,0.2,23823,0.988969922152347,0.5099502487562189,0.18262319276285222,0.5238269125433631
pg_ga,0.05,0.05,15401,0.9681082646884533,0.55,0.038348082595870206,0.110381861575179
pg_ga,0.1,0.1,15401,0.9681082646884533,0.55,0.07621258281348228,0.2025656324582339
pg_ga,0.2,0.2,15401,0.9681082646884533,0.55,0.14609023647178296,0.39051312649164677
ga_td,0.05,0.05,11578,0.7747133496974681,0.9226190476190477,0.033897250901853464,0.10416666666666667
ga_td,0.1,0.1,11578,0.7747133496974681,0.9226190476190477,0.06990919268565741,0.2018939393939394
ga_td,0.2,0.2,11578,0.7747133496974681,0.9226190476190477,0.13863664634904838,0.3984848484848485
td_shutdown,0.05,0.05,2278,0.6666666666666666,1.0,0.024983119513842,0.09911894273127753
td_shutdown,0.1,0.1,2278,0.6666666666666666,1.0,0.04794058068872384,0.1894273127753304
td_shutdown,0.2,0.2,2278,0.6666666666666666,1.0,0.10600945307224847,0.42290748898678415
