model,term,coef,se_cluster,t_stat,p_value_norm
toxicity_mean,intercept,0.07969395388662681,0.007897512300667594,10.091019912674287,0.0
toxicity_mean,newcomer_pop_share,0.04325149963412822,0.008019814887444039,5.393079546242834,6.926027240616861e-08
toxicity_mean,post_ga,0.0014353862380520209,0.010959604312147164,0.13097062605272156,0.895798544227626
toxicity_mean,newcomer_x_post_ga,0.02774632714204903,0.01994845624737402,1.3909009698783839,0.16425545868015878
toxicity_mean,time_index,0.002410347203373231,9.930939905489821e-05,24.271088399606484,0.0
toxicity_mean,fe_gaming,-0.07095698303693772,0.00022510664201359627,-315.2149683466558,0.0
toxicity_mean,fe_gifs,-0.013647939227206873,0.00035361821496211586,-38.59512505222339,0.0
toxicity_mean,fe_pics,-0.03233509040296104,0.0006000251752542611,-53.88955619946951,0.0
toxicity_mean,fe_technology,-0.06946949611534912,0.00019581999137399032,-354.7620221403828,0.0
toxicity_mean,fe_videos,-0.007621789094976621,0.00035996734264502476,-21.17355713152209,0.0
ei_index,intercept,2.3934766213292087,0.8911757251187528,2.685751590698084,0.007236686911064716
ei_index,newcomer_pop_share,-2.909053937625962,0.9574414423237333,-3.038362252803282,0.0023786782385641914
ei_index,post_ga,-2.452663757448761,0.9655012360190384,-2.5403010021629817,0.011075710221251533
ei_index,newcomer_x_post_ga,3.2224391259866927,1.0164014793007872,3.170439232539788,0.0015220866550849088
ei_index,time_index,-0.0037410639136306453,0.001848252440542447,-2.0241087372960123,0.04295896482445771
ei_index,fe_gaming,-0.10558987446435425,0.02493095674144246,-4.235291712204263,2.2825519420788254e-05
ei_index,fe_gifs,0.08797243852570624,0.0020956616142713447,41.97836040256623,0.0
ei_index,fe_pics,0.09427084035573191,0.005980522135946748,15.762978250528345,0.0
ei_index,fe_technology,-0.0014972655339482006,0.011717693430649498,-0.1277781794522686,0.8983245187658246
ei_index,fe_videos,0.0005225984441333545,0.010326717259546276,0.0506064445262362,0.9596391274182576
