event,event_label,cohort_group,pre_n_users_mean,post_n_users_mean,pre_n_posts_mean,post_n_posts_mean,pre_user_toxicity_mean,post_user_toxicity_mean,delta_user_toxicity,pre_activity_toxicity_mean,post_activity_toxicity_mean,delta_activity_toxicity
A,FPH Ban,event_arrival,,2058.0,,3496.2,,0.08536731892110501,,,0.07760531052478502,
A,FPH Ban,existing,290.75,121.8,507.25,442.4,0.06721039803033534,0.07837223706813991,0.011161839037804572,0.058410471430866154,0.04317482968138371,-0.015235641749482443
B,Pizzagate Ban,event_arrival,,324.4,,439.2,,0.14494689723357934,,,0.13717786044908548,
B,Pizzagate Ban,existing,679.0,501.2,1218.0,1011.6,0.14338728023029246,0.16165275962688527,0.018265479396592815,0.12033470052206977,0.13586250254456814,0.015527802022498371
C,GA Ban,event_arrival,,309.8,,421.4,,0.25747086188458435,,,0.2537769922686567,
C,GA Ban,existing,627.5,503.6,1136.5,1037.6,0.22136373877821883,0.24005351225125934,0.018689773473040516,0.19923186151580768,0.20400458181252987,0.004772720296722183
D,TD Ban,event_arrival,,171.0,,224.8,,0.28521594888722035,,,0.2736809039528586,
D,TD Ban,existing,883.0,623.2,1608.0,1243.4,0.27819622248870585,0.25979787990217906,-0.018398342586526784,0.24682620879776812,0.23179874310722592,-0.015027465690542197
