scope,stratum,interaction_scope,n,toxigen_mean,detoxify_toxicity_mean,pearson_correlation,spearman_correlation
global,all,all_posts,368727,0.1310526318820479,0.11246919885691226,0.6934661463038952,0.6528439004959846
global,all,all_comments,785746,0.2371615694104965,0.21051561986885042,0.7152660982621826,0.7375314519978158
global,all,stratified_1k_post_sample,1000,0.1317735356219928,0.12016866478830343,0.7283850595598949,0.6436328068370456
community_type,controversial,all_posts,190973,0.18616230670797662,0.15562981408489795,0.6787963931181817,0.6941907613604735
community_type,normal,all_posts,177754,0.0718446257019783,0.06609886585774422,0.6931070231540164,0.5549688233201702
community_type,controversial,all_comments,521609,0.24599206260183484,0.2124978994964396,0.7000165029403245,0.7365740128829038
community_type,normal,all_comments,264137,0.21972340390153405,0.20660107970875485,0.7467027228754816,0.7339074158472455
