event,event_label,cohort_group,pre_n_users_mean,post_n_users_mean,pre_n_posts_mean,post_n_posts_mean,pre_user_toxicity_mean,post_user_toxicity_mean,delta_user_toxicity,pre_activity_toxicity_mean,post_activity_toxicity_mean,delta_activity_toxicity
A,FPH Ban,event_arrival,,1624.0,,3360.2,,0.08433463249764164,,,0.07696488801595067,
A,FPH Ban,existing,237.25,148.6,507.25,578.4,0.06763225417647534,0.08334572689456086,0.015713472718085528,0.058410471430866154,0.053606602580732535,-0.004803868850133619
B,Pizzagate Ban,event_arrival,,239.0,,362.4,,0.13961164801005949,,,0.13555100352444324,
B,Pizzagate Ban,existing,562.0,427.6,1218.0,1088.4,0.14315820883332459,0.1570933740552526,0.013935165221928003,0.12033470052206977,0.13648913709784027,0.01615443657577051
C,GA Ban,event_arrival,,241.8,,363.8,,0.24426477798288154,,,0.25055292938471735,
C,GA Ban,existing,496.0,428.2,1136.5,1095.2,0.22365971520103403,0.251518389352798,0.02785867415176399,0.19923186151580768,0.20730149686328972,0.008069635347482035
D,TD Ban,event_arrival,,108.6,,155.8,,0.2885290964789716,,,0.279862480465519,
D,TD Ban,existing,682.5,525.4,1608.0,1312.4,0.278488318827425,0.26225346920526105,-0.016234849622163927,0.24682620879776812,0.23322618045753413,-0.013600028340233994
