metric,mean,median
toxicity_mean_reddit,0.13702913861242022,0.137348199575943
toxicity_mean_voat,0.19000542447519025,0.195363611941793
vader_mean_reddit,0.05824587410633396,0.0570953362361984
vader_mean_voat,0.016772643749359092,0.0062473947889131
reputation_mean_reddit,5.204677393540306,5.313571781348089
reputation_mean_voat,3.577346398174196,3.5263509794678733
mean_degree_reddit,2.7527508690261486,2.797487226457169
mean_degree_voat,1.9226543743248017,1.9940828402366864
active_users_reddit,114570.03529411765,118435.0
active_users_voat,137.679012345679,116.0
degree_assortativity_reddit,-0.25006511395784364,-0.24323592319581724
degree_assortativity_voat,-0.5142939599300382,-0.5332942649603882
mean_clustering_reddit,0.005801885096035823,0.00512517900638725
mean_clustering_voat,0.009321702118118532,0.0
ei_index,-0.19982380565307403,-0.1833333333333333
toxicity_mean_p5,0.08685732905911751,0.0955547865202973
toxicity_mean_p50,0.12831514889844106,0.1343692288295601
toxicity_mean_p95,0.22172709191596338,0.1755370266400645
vader_mean_p5,-0.03994733916989839,0.0069755567339435
vader_mean_p50,0.05544709666865179,0.058947914337092
vader_mean_p95,0.15375651012458,0.1211755782520324
