community,metric,reddit_n,voat_n,reddit_mean,voat_mean,mw_stat,mw_p,ttest_stat,ttest_p,significant
gifs,toxicity_mean,85,81,0.13702913861242022,0.19000542447519025,1637.0,5.503157658897506e-09,-5.343175657570061,8.185621528238131e-07,True
gifs,vader_mean,85,81,0.05824587410633396,0.016772643749359092,5474.0,5.3336747876930586e-11,3.264265895483396,0.0015963641092249005,True
gifs,textblob_mean,85,81,0.061835833351630794,0.03488415986150881,5679.0,5.063111637931051e-13,4.263214004450513,5.2676174841136606e-05,True
gifs,subjectivity_mean,85,81,0.3315448182866127,0.31689226069372484,3357.0,0.7836235919274772,1.7037728738222186,0.09224842236826147,False
gifs,reputation_mean,84,81,3.53411555695292,3.1327060039051413,5326.0,3.6174919571824816e-10,4.327439993570965,3.3409371897222834e-05,True
gifs,mean_clustering,84,76,0.005801885096035823,0.009321702118118532,3819.0,0.03105678998631028,-2.0997273034428,0.038538325765462636,True
gifs,mean_degree,84,76,2.7527508690261486,1.9226543743248017,6363.0,2.3931930516279737e-27,19.697144174403853,1.760169558334427e-39,True
