community,metric,reddit_n,voat_n,reddit_mean,voat_mean,mw_stat,mw_p,ttest_stat,ttest_p,significant
gaming,toxicity_mean,85,80,0.0941821782857774,0.13515167850541687,2399.0,0.0011058442339679706,-5.113039800246804,2.1103619345665074e-06,True
gaming,vader_mean,85,80,0.11282105646123639,0.07276368953271986,4635.0,5.695886494465364e-05,3.7471844503249323,0.000332333711158796,True
gaming,textblob_mean,85,80,0.06696499351880768,0.049115454275805714,5292.0,6.950710021345563e-10,3.983155260074363,0.0001431475665780035,True
gaming,subjectivity_mean,85,80,0.3584053569412507,0.38941347390932113,824.0,4.565604579622655e-17,-8.793022740082451,8.872709216498629e-14,True
gaming,reputation_mean,84,80,5.0377883980378835,4.6643671491298635,4270.0,0.002771241871500253,2.8047398248666555,0.006157919158129882,True
gaming,mean_clustering,84,78,0.001682381068379724,0.01575858386281338,973.0,1.1766808648265858e-14,-8.55479922293323,8.453843956951327e-13,True
gaming,mean_degree,84,78,3.398305096427749,2.1774115149027833,6552.0,4.788291605448934e-28,25.647140524180223,1.2116333455862476e-44,True
