metric,mean,median
toxicity_mean_reddit,0.0941821782857774,0.0949738711414663
toxicity_mean_voat,0.13515167850541687,0.13385851634776685
vader_mean_reddit,0.11282105646123639,0.111133191364216
vader_mean_voat,0.07276368953271986,0.0563355896314616
reputation_mean_reddit,8.119811832793172,8.079191188686252
reputation_mean_voat,5.980454776313632,6.05772400683643
mean_degree_reddit,3.398305096427749,3.390743068674437
mean_degree_voat,2.1774115149027833,2.1694662444352657
active_users_reddit,178216.81176470587,169258.0
active_users_voat,307.0375,243.5
degree_assortativity_reddit,-0.16757704797402256,-0.16801459662642676
degree_assortativity_voat,-0.33533695074022346,-0.3356219564870755
mean_clustering_reddit,0.001682381068379724,0.00157289929962505
mean_clustering_voat,0.01575858386281338,0.01283896976975325
ei_index,-0.3145158572358851,-0.31666604007669463
toxicity_mean_p5,0.0668277455038809,0.0720460845176154
toxicity_mean_p50,0.09102189784355098,0.09365564681544744
toxicity_mean_p95,0.12827148767131885,0.1155485775072694
vader_mean_p5,0.056110700583994935,0.0741113137424049
vader_mean_p50,0.11228224195174374,0.11039257029945215
vader_mean_p95,0.16701338219714204,0.1469420589967398
