metric,mean,median
toxicity_mean_reddit,0.12706234546779183,0.1262573325775068
toxicity_mean_voat,0.20450349373575819,0.23116676882477266
vader_mean_reddit,0.06537103275185523,0.0629436283292114
vader_mean_voat,0.027116721909417024,0.0042656271709032995
reputation_mean_reddit,7.913937928649713,7.858754844923306
reputation_mean_voat,5.244777841374275,5.343434045845553
mean_degree_reddit,3.4741818480430973,3.439177361258828
mean_degree_voat,2.688646757415872,2.8265460030165914
active_users_reddit,250804.62352941177,249284.0
active_users_voat,673.9512195121952,739.5
degree_assortativity_reddit,-0.16401136575884318,-0.1675434573285057
degree_assortativity_voat,-0.2899947711760852,-0.2613654466881802
mean_clustering_reddit,0.0008729513003048717,0.0008434742379191001
mean_clustering_voat,0.025714578767876535,0.0285218011856535
ei_index,-0.28629539263005366,-0.2863892363846031
toxicity_mean_p5,0.10082057800570385,0.10994066355317285
toxicity_mean_p50,0.12512639825511745,0.1248372078948969
toxicity_mean_p95,0.16175668053062614,0.14039923128756315
vader_mean_p5,0.02433689492275425,0.04550362640244885
vader_mean_p50,0.06275300653641626,0.0636361779810998
vader_mean_p95,0.10383337016262825,0.0855096500708623
