mean_toxicity,mean_vader,mean_textblob,mean_subjectivity,mean_reputation,user_id,period,group
0.10846772633904414,0.10838397518336135,0.057214770608139474,0.40257793306634077,4.694750773366204,7824.0,A-B,newcomer
0.09360352416630623,0.11998275313861939,0.057349967958082906,0.4002733233479869,9.459698886542187,466.0,A-B,existing
0.20487283618218047,0.017430515230261623,0.04005667055520592,0.38246248174402864,2.9744245504380076,1960.0,B-C,newcomer
0.21346868879638028,-0.008732955526637177,0.02253969486107659,0.37512155399474717,6.634668220552906,647.0,B-C,existing
0.2169608556160784,0.030565302492538523,0.05585378178818151,0.3770756156359834,3.1182803321176062,277.0,C-End,newcomer
0.19392092181040357,0.007886130564250544,0.0356957533127922,0.3722421101392449,6.2233282665346294,346.0,C-End,existing
