community,voat_mean,reddit_mean,difference,ratio,glass_delta,glass_ci_lower,glass_ci_upper,cliffs_delta,cliffs_ci_lower,cliffs_ci_upper,interpretation,n_voat,n_reddit
funny,0.20450349373575819,0.12706234546779183,0.07744114826796636,1.6094736248009556,14.444322388197914,10.874157997616745,18.294899665683538,0.6487804878048781,0.4728694404591105,0.7928263988522238,large,82,85
gaming,0.13515167850541687,0.0941821782857774,0.04096950021963948,1.4350026827296938,6.325107020497574,3.6409120921539113,9.519258142985795,0.2944117647058824,0.08438235294117649,0.49416176470588236,small,80,85
technology,0.13092025536991442,0.13301805804561173,-0.0020978026756973134,0.9842291888295499,-0.13053529523546992,-1.0286519972053796,0.7532088018989354,0.031092436974789917,-0.15574929971988796,0.21687675070028006,negligible,84,85
videos,0.1886422860629589,0.13689518864375055,0.051747097419208354,1.3780052310959774,5.075554773396805,3.131945755269328,6.903952292693348,0.5714285714285714,0.37663865546218495,0.7378501400560225,large,84,85
gifs,0.19000542447519025,0.13702913861242022,0.052976285862770034,1.3866059905157158,7.017444398615757,3.8792543753951936,12.455583369224648,0.524473493100944,0.32888888888888895,0.6891866376180102,large,81,85
pics,0.17267924650098282,0.1243056960008313,0.04837355050015152,1.3891499107154994,5.522023115391794,3.1942060264211194,8.45935007890577,0.4591176470588235,0.2785,0.6394264705882353,medium,80,85
