community,metric,pre_mean,post_mean,observed_diff,p_value,n_pre,n_post,p_value_fdr,significant_raw,significant_fdr
global,E-I Index,-0.38537491703182764,-0.10185881479600009,0.28351610223582757,0.0006,39,27,0.0010799999999999998,True,True
global,Toxicity,0.16980390928179806,0.24760179212332886,0.0777978828415308,0.0001,40,27,0.00045000000000000004,True,True
global,Reputation,4.227015325643565,3.8578554469002913,-0.36915987874327394,0.1172,40,27,0.1172,False,False
funny,E-I Index,-0.3740077575083062,-0.15959975447257768,0.21440800303572854,0.0077,39,27,0.0099,True,True
gaming,E-I Index,-0.4535920642328972,-0.1136280026846454,0.3399640615482518,0.0001,39,27,0.00045000000000000004,True,True
technology,E-I Index,-0.38439780375643195,-0.057392542737758165,0.32700526101867383,0.0004,39,27,0.0009000000000000001,True,True
videos,E-I Index,-0.3726335972213654,-0.07903905670603244,0.293594540515333,0.0003,39,27,0.0008999999999999999,True,True
gifs,E-I Index,-0.3699480089882051,0.04591115471989298,0.4158591637080981,0.0014,39,27,0.0021,True,True
pics,E-I Index,-0.3242707340662962,-0.018501456450059434,0.30576927761623685,0.0184,39,27,0.0207,True,True
