scope,toxigen_col,detoxify_col,n,toxigen_mean,detoxify_mean,pearson_r,pearson_p,spearman_rho,spearman_p
global,toxicity_toxigen,detoxify_toxicity,1000,0.1317735356219928,0.12016866478830343,0.7283850595598949,4.623881179301303e-166,0.6436328068370456,4.7486724518854665e-118
global,toxicity_toxigen,detoxify_severe_toxicity,1000,0.1317735356219928,0.0031798871259703675,0.3423089853858536,7.177339810685587e-29,0.5791219041446946,1.264906556143721e-90
global,toxicity_toxigen,detoxify_obscene,1000,0.1317735356219928,0.059857841318367716,0.5954731106677782,5.43528209277599e-97,0.5935240332910872,3.2612530122678714e-96
global,toxicity_toxigen,detoxify_identity_attack,1000,0.1317735356219928,0.02676606769246064,0.3821878848490434,3.961082129017387e-36,0.612506801394925,5.0290817172889565e-104
global,toxicity_toxigen,detoxify_insult,1000,0.1317735356219928,0.05200820221305912,0.620626828407892,1.5660839375130772e-107,0.6569009377314806,1.5399874420505014e-124
global,toxicity_toxigen,detoxify_threat,1000,0.1317735356219928,0.00493713544766797,0.1915685853277485,1.0152136287999637e-09,0.5657751427141811,1.092189755024509e-85
global,toxicity_toxigen,detoxify_sexual_explicit,1000,0.1317735356219928,0.023156878277049146,0.3567269303475574,2.23882939180421e-31,0.5738114378273216,1.2396690733969756e-88
