community_type,toxigen_col,detoxify_col,n,toxigen_mean,detoxify_mean,pearson_r,pearson_p,spearman_rho,spearman_p
controversial,toxicity_toxigen,detoxify_toxicity,521609,0.24599206260183484,0.2124978994964396,0.7000165029403245,0.0,0.7365740128829038,0.0
controversial,toxicity_toxigen,detoxify_severe_toxicity,521609,0.24599206260183484,0.005107972311305043,0.3492067773560018,0.0,0.6728927663993816,0.0
controversial,toxicity_toxigen,detoxify_obscene,521609,0.24599206260183484,0.11899346138459975,0.5648242560643564,0.0,0.67284358010463,0.0
controversial,toxicity_toxigen,detoxify_identity_attack,521609,0.24599206260183484,0.01897095029106795,0.2652594788044552,0.0,0.7106830762744135,0.0
controversial,toxicity_toxigen,detoxify_insult,521609,0.24599206260183484,0.11443297445588962,0.6113193647387686,0.0,0.735567474553748,0.0
controversial,toxicity_toxigen,detoxify_threat,521609,0.24599206260183484,0.007473977328486743,0.14397832645378433,0.0,0.6506982357593025,0.0
controversial,toxicity_toxigen,detoxify_sexual_explicit,521609,0.24599206260183484,0.027275740235868085,0.29448306506538696,0.0,0.6643425247154534,0.0
normal,toxicity_toxigen,detoxify_toxicity,264137,0.21972340390153405,0.20660107970875485,0.7467027228754816,0.0,0.7339074158472455,0.0
normal,toxicity_toxigen,detoxify_severe_toxicity,264137,0.21972340390153405,0.006923681765471214,0.3891013397733282,0.0,0.655803839699606,0.0
normal,toxicity_toxigen,detoxify_obscene,264137,0.21972340390153405,0.1181654451846644,0.6104855926063323,0.0,0.661715290861576,0.0
normal,toxicity_toxigen,detoxify_identity_attack,264137,0.21972340390153405,0.04571518774936783,0.43034550631170304,0.0,0.7091296615131741,0.0
normal,toxicity_toxigen,detoxify_insult,264137,0.21972340390153405,0.10196587245966242,0.6381385499098211,0.0,0.7358941998945202,0.0
normal,toxicity_toxigen,detoxify_threat,264137,0.21972340390153405,0.00827362208841755,0.16591817948123108,0.0,0.6595108304139383,0.0
normal,toxicity_toxigen,detoxify_sexual_explicit,264137,0.21972340390153405,0.02792817120397909,0.33091840517579235,0.0,0.6527599366992967,0.0
