scope,toxigen_col,detoxify_col,n,toxigen_mean,detoxify_mean,pearson_r,pearson_p,spearman_rho,spearman_p
global,toxicity_toxigen,detoxify_toxicity,368727,0.1310526318820479,0.11246919885691226,0.6934661463038952,0.0,0.6528439004959846,0.0
global,toxicity_toxigen,detoxify_severe_toxicity,368727,0.1310526318820479,0.0022598706316347117,0.3373027325620655,0.0,0.5727454926730209,0.0
global,toxicity_toxigen,detoxify_obscene,368727,0.1310526318820479,0.05427636017195529,0.5620371107179348,0.0,0.5983812423800906,0.0
global,toxicity_toxigen,detoxify_identity_attack,368727,0.1310526318820479,0.013683583514949336,0.2871875525399988,0.0,0.6247816765231818,0.0
global,toxicity_toxigen,detoxify_insult,368727,0.1310526318820479,0.05575298363921878,0.6104194127143849,0.0,0.6670046983444737,0.0
global,toxicity_toxigen,detoxify_threat,368727,0.1310526318820479,0.0031598402939955706,0.12392967641402085,0.0,0.5661732980510064,0.0
global,toxicity_toxigen,detoxify_sexual_explicit,368727,0.1310526318820479,0.013998652549467791,0.28676675219807696,0.0,0.5794079527943237,0.0
