scope,toxigen_col,detoxify_col,n,toxigen_mean,detoxify_mean,pearson_r,pearson_p,spearman_rho,spearman_p
global,toxicity_toxigen,detoxify_toxicity,785746,0.2371615694104965,0.21051561986885042,0.7152660982621826,0.0,0.7375314519978158,0.0
global,toxicity_toxigen,detoxify_severe_toxicity,785746,0.2371615694104965,0.005718342644841693,0.35975935822833843,0.0,0.6693943034923886,0.0
global,toxicity_toxigen,detoxify_obscene,785746,0.2371615694104965,0.11871511480058618,0.579551037955703,0.0,0.6714319608499265,0.0
global,toxicity_toxigen,detoxify_identity_attack,785746,0.2371615694104965,0.027961314415763404,0.3222497239091419,0.0,0.7118565802874373,0.0
global,toxicity_toxigen,detoxify_insult,785746,0.2371615694104965,0.11024202353793719,0.6202096488649759,0.0,0.7374451251756153,0.0
global,toxicity_toxigen,detoxify_threat,785746,0.2371615694104965,0.007742786546674101,0.15105599401363531,0.0,0.655844566671421,0.0
global,toxicity_toxigen,detoxify_sexual_explicit,785746,0.2371615694104965,0.027495061948767593,0.30631843693534955,0.0,0.6634886673230981,0.0
