community_type,toxigen_col,detoxify_col,n,toxigen_mean,detoxify_mean,pearson_r,pearson_p,spearman_rho,spearman_p
controversial,toxicity_toxigen,detoxify_toxicity,190973,0.18616230670797662,0.15562981408489795,0.6787963931181817,0.0,0.6941907613604735,0.0
controversial,toxicity_toxigen,detoxify_severe_toxicity,190973,0.18616230670797662,0.003171623079741235,0.32932997438555495,0.0,0.6381523768685232,0.0
controversial,toxicity_toxigen,detoxify_obscene,190973,0.18616230670797662,0.0810828888689018,0.5529180300357689,0.0,0.6498143497030923,0.0
controversial,toxicity_toxigen,detoxify_identity_attack,190973,0.18616230670797662,0.0120351096422091,0.24939646584270048,0.0,0.6676661308760596,0.0
controversial,toxicity_toxigen,detoxify_insult,190973,0.18616230670797662,0.08184430293554551,0.6062924605977293,0.0,0.7057812060727384,0.0
controversial,toxicity_toxigen,detoxify_threat,190973,0.18616230670797662,0.003355572363319823,0.11539903290949016,0.0,0.6048696004328276,0.0
controversial,toxicity_toxigen,detoxify_sexual_explicit,190973,0.18616230670797662,0.018322816790184264,0.2791885588265607,0.0,0.6295743131124981,0.0
normal,toxicity_toxigen,detoxify_toxicity,177754,0.0718446257019783,0.06609886585774422,0.6931070231540164,0.0,0.5549688233201702,0.0
normal,toxicity_toxigen,detoxify_severe_toxicity,177754,0.0718446257019783,0.001280314051910784,0.3449868284246403,0.0,0.4442055712959641,0.0
normal,toxicity_toxigen,detoxify_obscene,177754,0.0718446257019783,0.025476315138696103,0.5478831485464829,0.0,0.4785292491743302,0.0
normal,toxicity_toxigen,detoxify_identity_attack,177754,0.0718446257019783,0.015454649150033892,0.3929012148512118,0.0,0.5258414260683039,0.0
normal,toxicity_toxigen,detoxify_insult,177754,0.0718446257019783,0.0277213358564549,0.5816297410638587,0.0,0.564584237947258,0.0
normal,toxicity_toxigen,detoxify_threat,177754,0.0718446257019783,0.002949552252797846,0.14581139153633832,0.0,0.4886592471478138,0.0
normal,toxicity_toxigen,detoxify_sexual_explicit,177754,0.0718446257019783,0.009352913958255514,0.290525362252931,0.0,0.460361018612231,0.0
