metric,mean,median
toxicity_mean_reddit,0.13301805804561173,0.1321238802306193
toxicity_mean_voat,0.13092025536991442,0.13586088564208904
vader_mean_reddit,0.05472554260627671,0.0560962836365566
vader_mean_voat,0.031418147505106436,0.0190623442342055
reputation_mean_reddit,8.028581770362747,8.186408737673514
reputation_mean_voat,4.997564543296408,4.993125066943274
mean_degree_reddit,2.65197494040238,2.658609662584653
mean_degree_voat,2.2341306816645954,2.2839116719242902
active_users_reddit,50313.24705882353,50166.0
active_users_voat,442.2261904761905,414.0
degree_assortativity_reddit,-0.28181091336545877,-0.2755377604431599
degree_assortativity_voat,-0.3022321651898549,-0.31076043575182455
mean_clustering_reddit,0.004929994630617471,0.0044001261110038
mean_clustering_voat,0.013718309989071968,0.0118483179224867
ei_index,-0.2506229242487926,-0.25234799802273844
toxicity_mean_p5,0.10516026446524997,0.11180643385659295
toxicity_mean_p50,0.12942567682758008,0.13156901472606405
toxicity_mean_p95,0.17939255052479122,0.16187907485241365
vader_mean_p5,-0.008496016421404396,0.01875130437354345
vader_mean_p50,0.052360488618793895,0.05452313277619385
vader_mean_p95,0.11619190510078108,0.0866752555353638
