community,period,toxicity_diff
funny,A-B,0.0367190277083205
funny,B-C,0.11455714265130149
funny,C-D,0.14303038835809812
funny,D-end,0.15014701543368536
gaming,A-B,-0.0068581146702624
gaming,B-C,0.04948607824882674
gaming,C-D,0.1195638377021453
gaming,D-end,0.11639452295134893
gifs,A-B,0.004748450694417455
gifs,B-C,0.06995604057303248
gifs,C-D,0.1408984858298564
gifs,D-end,0.11603714413735827
pics,A-B,-0.0025191695949145776
pics,B-C,0.076219433410335
pics,C-D,0.13543163953225407
pics,D-end,0.12307263032514926
technology,A-B,-0.016208321285524407
technology,B-C,0.016461222112861967
technology,C-D,0.04011886486329591
technology,D-end,0.05627944169108051
videos,A-B,0.02459699970105847
videos,B-C,0.08854922546988217
videos,C-D,0.12432131406612484
videos,D-end,0.14744701705942095
