community,period,toxicity_diff
funny,A-D,0.0367190277083205
funny,B-C,0.14303038835809812
funny,C-end,0.15014701543368536
funny,D-B,0.11455714265130149
gaming,A-D,-0.0068581146702624
gaming,B-C,0.1195638377021453
gaming,C-end,0.11639452295134893
gaming,D-B,0.04948607824882674
gifs,A-D,0.004748450694417455
gifs,B-C,0.1408984858298564
gifs,C-end,0.11603714413735827
gifs,D-B,0.06995604057303248
pics,A-D,-0.0025191695949145776
pics,B-C,0.13543163953225407
pics,C-end,0.12307263032514926
pics,D-B,0.076219433410335
technology,A-D,-0.016208321285524407
technology,B-C,0.04011886486329591
technology,C-end,0.05627944169108051
technology,D-B,0.016461222112861967
videos,A-D,0.02459699970105847
videos,B-C,0.12432131406612484
videos,C-end,0.14744701705942095
videos,D-B,0.08854922546988217
