mean_toxicity,mean_vader,mean_textblob,mean_subjectivity,mean_reputation,user_id,period,group
0.1554610928458195,0.048602321554096696,0.07274835501368752,0.3376504948987566,2.8745607493518675,6164.0,A-B,newcomer
0.11374662324990988,0.04457674055255594,0.048472146384925995,0.2908915238138438,18.693171855492427,157.0,A-B,existing
0.2655315119029155,-0.009973058257696744,0.05173073047075825,0.33381597638496174,2.345147654132904,1858.0,B-C,newcomer
0.2520528913721844,-0.0107615396357868,0.04572191562392531,0.3271158820686513,4.192984391754741,621.0,B-C,existing
0.22574207545929004,0.03306255103297786,0.06291175676262688,0.321977217789533,2.325308510323718,379.0,C-End,newcomer
0.26894375618935973,-0.03715136455109222,0.04799282862466411,0.32067730974670045,4.350651665100447,469.0,C-End,existing
