community,metric,reddit_n,voat_n,reddit_mean,voat_mean,mw_stat,mw_p,ttest_stat,ttest_p,significant
pics,toxicity_mean,85,80,0.1243056960008313,0.17267924650098282,1839.0,3.6188634629594505e-07,-4.80099106868906,7.182724989901464e-06,True
pics,vader_mean,85,80,0.09397002113586869,0.0301303333318134,5921.0,2.0679941033219806e-16,9.712859246545955,6.493898653820475e-16,True
pics,textblob_mean,85,80,0.08697973594494995,0.061932406958065636,5364.0,1.5338949707848138e-10,6.1204963242763615,1.893024757913535e-08,True
pics,subjectivity_mean,85,80,0.35595036840325445,0.3194712561883574,6120.0,7.521501201476948e-19,4.182443053226003,7.27271159181948e-05,True
pics,mean_clustering,84,75,0.001422493396645393,0.00995628454773489,2056.0,0.00015855203378532806,-5.793337100131618,1.5607686522000324e-07,True
pics,mean_degree,84,75,3.0606148777493045,1.9595139976615152,6300.0,1.658903372623305e-27,30.979571529075,5.2726920117121305e-51,True
