metric,mean,median
toxicity_mean_reddit,0.1243056960008313,0.1235606986618699
toxicity_mean_voat,0.17267924650098282,0.175365544435731
vader_mean_reddit,0.09397002113586868,0.0922295673549461
vader_mean_voat,0.030130333331813402,0.018037121854649903
reputation_mean_reddit,7.0905009481010355,7.133213744945542
reputation_mean_voat,4.167402950700646,3.963361896911252
mean_degree_reddit,3.0606148777493045,3.0546919097197294
mean_degree_voat,1.9595139976615152,2.007843137254902
active_users_reddit,223035.43529411763,223204.0
active_users_voat,231.975,238.5
degree_assortativity_reddit,-0.21007898292609997,-0.21206553430139896
degree_assortativity_voat,-0.38963541934453294,-0.3865060500550383
mean_clustering_reddit,0.001422493396645393,0.00130510874402205
mean_clustering_voat,0.00995628454773489,0.0057390577198395
ei_index,-0.19918330231419934,-0.131562099871959
toxicity_mean_p5,0.08480669213186853,0.0945053268416143
toxicity_mean_p50,0.11305330881259719,0.11989480193195651
toxicity_mean_p95,0.17969556736314973,0.15058949185350134
vader_mean_p5,0.01762111281903985,0.0535410138564295
vader_mean_p50,0.09509152587401158,0.09673405311528945
vader_mean_p95,0.17213998682153028,0.13960822915544974
