mean_toxicity,mean_vader,mean_textblob,mean_subjectivity,mean_reputation,user_id,period,group
0.16228786377546328,0.03312388104676781,0.053590063245760974,0.33615132412490095,2.7722631805921765,4369.0,A-B,newcomer
0.12379582854807782,0.01403007910363925,0.03772847885421032,0.27869095155782464,11.80047628518192,136.0,A-B,existing
0.3061256590041133,-0.05282411317349832,0.024071738455114098,0.3612903734706418,2.017961355680678,648.0,B-C,newcomer
0.24606639344049083,-0.03788948824319635,0.03448379225244641,0.30486817897212953,3.601584755557335,331.0,B-C,existing
0.23860236829401527,0.04358872807017544,0.09012629506215032,0.37908019891901473,2.056167528062243,68.0,C-End,newcomer
0.26523202114536343,0.0027916953087926246,0.01752592274896135,0.32526029202955103,3.407220491756904,102.0,C-End,existing
