metric,mean,median
toxicity_mean_reddit,0.13689518864375058,0.1379902466800563
toxicity_mean_voat,0.1886422860629589,0.200203926461591
vader_mean_reddit,0.07091290936681514,0.0698046445617871
vader_mean_voat,-0.027637143888252565,-0.0418389320165443
reputation_mean_reddit,8.079184685412313,7.940172012051017
reputation_mean_voat,5.649684046626318,5.617969900370979
mean_degree_reddit,2.974813680951322,2.99995590248193
mean_degree_voat,2.0870985785309046,2.1076923076923078
active_users_reddit,151804.51764705882,160312.0
active_users_voat,409.7738095238095,430.5
degree_assortativity_reddit,-0.21424800710456107,-0.22008912542683345
degree_assortativity_voat,-0.3056618153085449,-0.26575852765836905
mean_clustering_reddit,0.0012016626888341536,0.0011597116588197998
mean_clustering_voat,0.00981839749612442,0.00815252710151785
ei_index,-0.2525267397378201,-0.214039408866995
toxicity_mean_p5,0.10114113969086806,0.1112199789378224
toxicity_mean_p50,0.1308980819956433,0.13520179775378924
toxicity_mean_p95,0.18781755605709818,0.1573712521695451
vader_mean_p5,0.007276329018272439,0.042070249336929696
vader_mean_p50,0.07078030276880666,0.071377552736518
vader_mean_p95,0.135310287723387,0.1052650987184367
